nome,ra,tipo,senha
Francine Durbridge,2530252,true,rNGzk0
Carina Harcourt,4106041,true,hf3Y9sm5j
Rolland Pipes,8984572,true,4YGP8BmsiM0F
Alejoa Giacobbo,8851957,false,iTMoYcX2
Pooh Milleton,4411261,true,a7hvJvFe
Clair Tiley,9018112,true,Ah92OGy
Gratia Basso,6251308,true,RtxOjX
Loni Towns,9886363,true,fEed6DN
Pierrette Acum,3124190,true,IQWVuBBB3V
Amelita Raun,5122049,false,8OHNHxqyd
Sapphire Merrgan,8880001,false,XxzG0Rl0ISdc
Syman Raspel,8657811,true,fobaJ8Ey6u0a
Dorie Beams,4874191,false,yaomXxlFIC
Grazia Chaperling,7393801,false,rrOjl3G
Iorgos Reen,6326633,true,1KcntL
Hyacinthia Goose,8421306,true,aVdr53R
Magdalen Lisle,3921913,true,XOEv7GTHkFI
Ajay Summerlad,9093649,true,fdrmqZ6ZZA
Teena Bartot,8922074,false,3UDFuSx7Q8K
Roselle Damper,9128884,true,i2Rvi6
Hakeem Maclaine,2111167,false,VWxVLBx8
Basilius Lightbown,9624590,false,VCs4H2xVZ
Eolanda Playfoot,7173822,true,ITJTIW1qF18
Shelli Osipov,5718443,true,R5Dkl8lu
Daryle Ibbeson,8561570,false,VUeVNphTX
Dagny MacPadene,6105652,true,4s1smK
Claudius Feldbrin,8326893,true,O5OTxyn
Stavro Headey,2524435,true,1V5FZyyIMKN
Ashla Lambregts,4313921,false,tQox31C
Koral Coytes,3449401,false,CDYj4P
Gray Culver,3929671,true,CE9CCwLy3g
Tedd Janosevic,1942560,true,8uZ9UHiRzFHW
Cathyleen Nott,6838080,true,PWQhreLVt
Jannel Menary,3332432,true,OhgMneZR
Shane McIlvaney,8329192,false,1bGWVn
Allis Pittman,6751538,false,ACcwLRfnV4
Kasper Piken,5299051,true,uwMSEtP
Willow Adicot,6721461,true,6Pj4OpZy2y
Beau Asquez,3574553,true,dvLu7vOVWp
Cyndia Vamplew,3498854,false,kssR0PVkRFUH
Alfi Sadgrove,7873429,false,M1UwZzBvC
Petunia Etheredge,6361913,false,c0w4ypOhu
Murvyn Chittenden,9639694,true,Osu5cPU49
Mira Dunsmore,3483060,true,8JbeQlR
Cortie Guidera,2056153,true,vnOZkGwwnN7
Gwyn Emmison,3270248,false,S9M7amsTkDEJ
Cordy Benedicto,7346820,false,n2DExzRu0Oo
Myrtice Croker,2164885,false,4sugSRveTrmP
Milissent Bidwell,6740501,true,OmysLVH
Roxi Arents,8934108,false,P61h2VLv
Livvie Groom,6937871,true,jiXmjnk
Bartel Farherty,5678516,true,9F5jD1csewUd
Hube Twells,2480876,false,YoVQPvq
Neala Gamett,2469923,false,piSRKXU3
Marcelo Gatfield,9696967,true,00uhHI
Cosmo Maudling,5642269,true,9IxzvCM1uj
Donalt Wraighte,6645045,true,7wLbzbyQ
Etienne Bromwich,2745505,false,mFXfQQ3W8I8T
Portia Geaney,8815768,false,zfrfwl3u
Addi Walton,4564355,false,oxxAo2E
Farrel Wordesworth,7268594,true,N1mBiNS
Jo Malkie,1986836,true,JhMe1R
Nissy Kaesmans,8065839,true,QM0MJ3civmHQ
Marillin Bonny,2179661,true,q7tam2T6
Daveta Kidman,8151669,true,dW2jGyX
Eddi Ferrant,5511699,false,H6ph7eN
Lavena Kerwin,5677994,true,Oivyc0LG
Allard Longhorne,3851822,false,zw4uko1dw
Gretna Cheek,3695135,true,L8mDBOCpkHGZ
Felipa Tewkesbury.,9687522,true,rkxgLwsCxd
Garald Beaten,3861770,true,BGPJUSb6eNEf
Nadeen Billows,2569955,false,Qv2rUn77gPmj
Arleen Agent,3506524,false,6xYEe6cWH2
Carolyn Pigeon,5480401,false,Ep2JOhfvozES
Lissa Davie,2842333,false,1F1oNQj
Danice Labdon,4011912,false,4TE191Eshbm
Bobbie Haslegrave,3110393,false,XQBdQqQoO9Z0
Arny Gadsdon,4748644,true,AABspLIBUu
Sharleen Dolling,5077754,false,485wN9K9
Clerc Ciabatteri,7859233,false,RVvErZa05
Byrom Laddle,7003931,false,vXfFXuZ
Eleonore Rivalland,4618778,true,XC8kv7iLCr
Carlie Lechelle,6094845,true,JJXHjx8WU97
Antonella Teligin,5558717,false,66424V
Annemarie Inchbald,7175996,true,KOoOXr
Sidnee Shakespeare,6280532,true,mTPb4Al
Michaeline Ruste,5994239,true,0y0DBlWyjh
Marion Fishburn,6334061,true,GQT60c7L05
Gusti Mowsdale,5860708,false,VMIsUkUqf
Elmer Joney,9172558,false,m5Id38W8
Ody Coultas,4970982,true,4EqVgkT28
Lawton Cuniam,2674840,false,zrROgc
Jacob Ledeker,6506543,false,u3xOnI3tsPgT
Chrysa Nulty,3221609,true,KK3TqyKMMl1X
Zeb Windybank,5602330,false,tjgX5woDWs
Leif Moyce,3262869,true,GlNdIQ5wc7Y
Marrilee Baldwin,8410056,false,pPXV110qQEQ9
Omar Lynett,7586807,true,oXXpJzwzz
Kathlin Finch,9179183,false,TUPgpq25dXEh
Kelcy Winear,8852105,false,nt9c6TU7y0Qx
Elissa Guise,9632055,false,Ka2uYvqC6v
Claudie Reckless,7187897,false,0wVwvi
Mal Boow,7701927,true,ht01wEe29y
Martyn Mothersdale,4292470,false,jwcRvTVb
Garrek Lambregts,7700717,false,IN7Zziaex
Evin Tranckle,5227575,false,gubxN5Z
Ruthie Dullaghan,4993816,true,Dw2zu2W4czW
Lynnea Wolfendale,4312353,true,cSTIYfV
Pammy Drinkale,8485901,false,iaUgbKAuH
Hank Olphert,9309460,true,5BNJYtP3p
Gill Berrycloth,3016100,true,rynDkvz
Issy Vickers,6831050,false,ZrTtpX
Erich Buttner,7800229,false,H3HPvR
Patti Cosham,2294632,false,7QQthw7BZ
Issiah Perago,4997811,false,MTrThz
Kittie Plumridege,6389456,false,usVFgPCaHaw
Roddie Danielkiewicz,6964547,true,fnf6tHfR
Issiah McClary,1936218,false,x1LIyEe
Rosanna Michele,9209221,true,ize2eevJp
Jerry Krzysztof,7056834,false,KIddzBjYM
Nicol Farryn,8363997,true,ce1AKMY
Yale Thornborrow,3053926,false,LDo4FS2Fzo
Mortie Raubheim,4530111,true,yP7vkr2yRaZ
Tate Conibere,4470217,true,uixmeuDVTdZ
Doug Cornell,6332212,false,SB7Wqu7dL
Leland Peacher,9383516,true,6QJLVGhcSrQ
Richie Garfath,4119321,true,R5khqxaPP8e
Shellie Raddenbury,5513845,false,F3sWNrKaUyh
Gwen Lamport,9691060,false,bnwMmw
Waylan Revill,3279449,true,SJFenUbe
Chucho Shreve,6305477,false,C3qDHXcSAO4C
Barbabra Ridges,5756408,false,MNud6M9ub
Witty Caws,5962793,false,O0UAn82zP5
Wilbur Clover,1969474,false,plauTYGE
Hector Cramp,9103981,true,OJtRIL
Ronnica Prozescky,4738784,true,NJPhPCVc0fQ8
Shelia Pevsner,4531222,true,TyHJZM
Hunter Freyne,2110518,false,yNzVG0XEKm
Janelle Durrington,7039214,false,drss4VP9qjG
Elga Deluce,9835710,false,mXplunrvcIZf
Judy Panyer,3038188,false,4GXm4DTQ
Dniren Pardi,2261773,false,TRMmoR04Ax
Elisha Dearan,7245816,true,etInyS
Marti Palister,6836264,false,0IAJeYix6OE
Chauncey Mc Combe,8701446,true,TqbRS0ccRd
Toinette Armitt,5315440,false,jd6F0sidA
Coleman Walls,5070883,true,5b9SMZnsKEV
Minna Barstow,7840600,true,lnfW2DphmMm
Myrta Fenny,3050843,false,8hJC2K
Salem Cicchinelli,7873693,true,V6pQQYHJu4
Bobina Spurett,5526160,true,M5UycqCoFfwu
Carling Mehaffey,7963506,true,VwjLapXs
Lem Bantham,1973373,false,0jbURXRZ2Q
Janice Vidgen,4833908,false,xyB7zAZsv
Jenine Darmody,8595129,false,GZp1b565C
Ashia Tidd,2343078,false,RpRyFx2VE
Arte Lapides,5646979,true,hKzEk4OD8Q
Hamish Gauler,8998131,false,NsHPM3LW
Gavin Kingdon,7563169,true,6IwUduy
Krishna Hellicar,5108312,true,ZeSRXdHuezC
Artemas Neenan,9362633,true,FWGBKp
Bernardine Bruckental,7970239,true,YiNDEPqe
Cordey Charnock,7023663,true,xMTUqc
Niven Cudde,5322946,false,796Mipx
Aldo Ledley,2387079,false,apTryK0v
Kamila Going,6377702,false,ioHjN9e0S
Evelyn Fahey,5745128,false,ARwKNBbKWQd
Germana Stening,6211893,true,pHXSbf
Vilhelmina McMeekin,9431152,true,ZJyrzIC
Lexi Trunchion,4766961,false,KgJWEF
Rorie Gillingwater,3976640,false,Pv856n3zKG
Normand Coleshill,9193001,false,YkogkG2baI4
Grissel Suerz,2504960,true,NBSEtiKzX
Barty Symmers,7904224,false,TFNHe7afixz
Cecily Orniz,8021430,false,sNvAIBx
Barr Polycote,3970415,false,zGkLWmoMm
Umeko Perrelli,8215113,false,sLxvOG
Rafaellle Kerswill,8188575,false,AY47XnbkCS2q
Dur McGrirl,8752967,false,04aege
Marsiella Comford,5611119,true,l2HQJGgjjcR
Tommie Pankettman,4722364,false,9WvhISYlWZ9
Elisabet Raithmill,8445525,false,zmunkG7
Morten Steer,4502835,false,qiduyFnT1
Caron Simonin,5661093,true,gSS4z9hxdkT
Vinny Ruspine,8519573,false,Xbh1vPJIG
Nicole Villar,8949472,false,h12LyLM
Sal Matthewson,8705737,true,jQhkt7l0
Thaddeus Mauvin,9406111,false,O4GNNjw5Bqb
Franni Lomond,3908332,false,JZeRhFx
Desmond Avramovich,6992464,false,DrLWaxhyG
Jodi Cousin,2476402,true,GtErqxqI
Amalita Cheek,8282075,true,Tpu54hD
Netty Woolfoot,3628673,true,PUtaNkKyuK
Thayne Coulson,2961832,true,xJGOYgqrAJq
Charmaine Gladstone,7727352,false,EAiG50
Vaughan Ritson,8719985,false,vSobWhyN
Franz Maliffe,8083743,true,zQBRa4
Marielle Strudwick,3984944,true,mxucv4tkbt
Miguel Gwillym,3807684,true,wBt9bZY
Jemmie Hewson,6585487,true,jN7awfy
Darrin Tampin,6607028,false,y2rySNtCwh
Ciro Fadden,4128739,false,yH9JIOt
Woodie Ellicott,3165349,false,JJSH1Fb9tFpR
Jozef Kennagh,9475140,true,iQe3uafu
Ryley Fenelow,5884399,false,U8QLdxnd6H
Hewie Rowlett,8367458,false,3AlMQbnLYB
Yancey Bristow,9370888,true,KhSBbZJCZ4e
Petronella Raye,1982438,true,GKpfJe6G7
Meade Griffe,9219971,true,3A2PORSnowAP
Sarita Joubert,5192909,false,Z6ArgRq
Billie Whorall,6992345,true,mKgYnC5dkL
Bessie Raigatt,7983635,true,8vJIvg7YT
Aylmer Hillum,3257389,false,g0b7YNF
Luce Ricson,3101976,true,Es3nqKB2
Germain Rogerson,7844716,true,RjzRw5
Shannen Cream,9687399,true,7Pph0G
Minne Finney,6286989,true,uIXY4S
Madlin Antoniat,8529546,true,p77hGi6xj
Cissy Eisak,4316990,false,FXmGIdC
Constantine Luke,4061987,false,ui9bO8PSL
Rolando Winteringham,9908951,true,1Q4aSb0br
Hadley Webling,1959150,true,WuN0fu3X1
Darill Ewestace,3570005,false,4ztgAmi5PNi
Agnesse Quenell,9384058,true,9XlxLMA
Saree Smurfit,8383575,true,Io6ujJ
Daveen Danaher,8841256,true,GhWRcFa0l
Dawna Levane,5524172,true,S0XbGJIH3
Claudianus Hacquel,5889243,true,voggG3eK8R9a
Jock Zarfat,9638635,false,1ug1hWVtLD4h
Cullan Keele,2538418,false,6H2Q2m3Zkb
Leoine Pyecroft,5821931,true,XhxS13MyJ
Lucine Janman,8824825,true,0k4gS4m5vF
Harley Treske,5443889,false,C8NEVvbWV
Cristabel Dodell,7938426,false,7ODbqb1
Ronnie Prosser,2167276,false,q5kjFrJmFj
Tan Normanell,4793366,false,AkZVhIi
Dion Cardoso,9498602,false,6viTWjoRk9x9
Pat Simmins,2675146,false,NBjmWBJ
Jocko Draye,6943985,true,i9rd1AzoES
Annetta Royston,2529682,false,ULydBJP4O
Jordana Sayburn,3175512,false,VsRQPhaZUR9y
Major Lurcock,6097570,true,8GTwlBF
Theobald Billings,5475200,true,TPShzFq
Skipp Cord,8653368,true,lo9hTEual
Archy Rue,4716717,true,is0RWfmD1LK
Ransom Beadon,9791377,true,J44tWHVZ
Micky Lafflina,4130164,true,oyvVjzgasP8W
Evy Barbour,3545043,true,mTEXer
Tomas Daglish,6005397,false,3XLs82
Deva Scrafton,2660511,true,G6Cmn9V
Clayson Hillitt,7887299,true,nkl2ww7ciXN4
Friederike Beccles,4629209,true,vo8mnS0br8
Helen-elizabeth Reedick,2383815,true,TrrLPpJ
Dulci Nodes,5268765,false,7mjn5CW
Phillip Crocker,7580205,false,1KCyow2cv0
Eddie Kuban,4891281,false,y394Gbo
Napoleon Halligan,2500825,false,EYae4CD
Nolana Mordey,5948003,true,fQ2MWj6SlG
Benjamen Idenden,9056891,false,qMsOWoZM9l42
Virge Dot,2939340,false,lXFlL2lpW
Vanna Wiltsher,2047379,false,EQnhEu7l3yA
Madelene Maddams,3650855,true,yvxROp
Mickie Lilion,4951933,true,WvKtIs
Lurline Jorck,8356924,true,fn4g8COsDi9l
Marcel Sperring,2955810,true,QKIqjib2rUp9
Avie Lefley,2788002,true,NFPL3QxX
Nataline Tolomelli,5621014,true,lbF1gUDZ
Aeriel Ilyenko,3198512,true,ibzZgQV3sdbi
Mechelle Ivory,7259362,false,yyX5Dq
Gabriele Dally,6469741,false,vQbDN6k4
Nydia Parmer,2554969,true,DCsOEPo6LU
Donny Charge,5308543,true,VouUFnAp
Chic Lunbech,4002489,false,10I2leRf
Cyndia Bettam,7441891,false,bcw4rByZ1
Kaitlynn Sloyan,3864378,false,zquUzAW2etgv
Bibi Scemp,9168923,false,3RbhIK7mw
Pierce Roullier,2624516,true,pfgMzZssP773
Lindie Hutchins,5772026,true,h9EhOHRsJbo
Judon Richardet,5715964,true,cTJgqrwaemm5
Reinald Sail,3798933,false,9fgbQtHG
Boot Ruck,7309606,false,TOq9pAIvC
Maude Boughtwood,4789918,false,B3yu3lS
Jaquenetta McCallum,2323913,true,skXvyhlI08h
Osbert McDavid,9272396,true,ucCTnZFv
Honoria Haggith,8477191,false,ZsKe829x1
Cleve Leverich,6747413,false,aW4LYExS
Tani Imlaw,8252695,false,c1jjVYqA47t
Rhett Grainger,6976482,false,sTxXy3AAO6
Ina Stife,8634507,false,eHSsVebS
Jenni Braun,7628557,false,8bXQsFGRj
Merry Walley,7428653,false,qFvsxtDro
Earlie Kyttor,9702426,true,mtL4CpOSnxV
Brewer Ollive,5238663,true,qjbfxoG1xl
Therese Kerfoot,3621937,true,qirLQSjfEny
Phebe Harvard,8521371,false,Sf2q14o
Lucienne Mattei,9571256,false,GYhaVhJonZg
Deonne Fraczek,1966611,true,3Cx1TA
Frieda Jina,6671202,false,gCWwCPryrz08
Sigismondo Ord,8483231,true,swElWtI9YV
Jodi Warin,8901215,false,HHFaFD
Adelina Caddies,3236346,false,vCASnL5U
Ashlen Matousek,2037915,false,riasUa
Esdras Fountaine,6292988,false,fyXCwwPjiD
Carlita O'Hoolahan,3685349,true,67ROokp
Jared Hyatt,7929653,true,F0fUhB49P0y
Sofie Craney,2892738,true,LqTG3tNuUNlA
Arlin d'Arcy,8173997,true,ZgRRRit7d
Dorelle Le Cornu,6475677,false,ZAJLpjoDcPwc
Allistir Dumbare,9885693,false,HnrzvSJx2QIX
Nollie Tither,7223216,true,ZTT5K88aLg3
Bee Davidy,7452352,true,espDHAGM0xk
Egon Hall,5924532,true,mkXlMVQEx2FN
Lenard Schollick,9448142,true,20eMcDAjwhD
Oralie Goseling,7281815,true,6NWrl4
Vittoria Astley,5364516,true,BdnYC1
Arch Dinnis,3020037,true,vlC00q
Rex Antonopoulos,2390666,false,qaCGUZ
Marcello Yukhnini,8969577,false,EKzmIqAm
Avis Olczak,4947669,false,W5rJWZMY
Alexa Corinton,2347983,true,KQjaUgzxj4jq
Hephzibah Liebmann,8647330,true,4cj2ZTD
Evelyn Bolam,2503331,false,6mtk7SsZ1rTv
Joshua Wilcockes,7709569,true,g8kOo0K9uM
Karry Minmagh,2384597,true,HyfSbHLuBZ5
Tuck Lovelace,9148583,false,SKD081YNR9l
Wallache Pawsey,9759659,false,fGyXtyVXOgpO
Cy Casson,3396972,true,S4HX56H5ET
Kean Harkness,9578011,true,YTcxXY
Wandie Durdy,3610456,false,eTbkz6yQMh
Vernor Seven,6734474,false,tSaqjSgU2lJ7
Birdie McCullagh,5869435,true,QEsxoXys
Roselin Tonn,4280555,false,SQeJPv
Anna-diane Kubat,5956757,true,1qAMztzZ9uMA
Amanda Ludford,2231872,true,8rzDQ3K
Adelheid Foad,4975536,false,zTMmlAVC
Hyacinth Dumpleton,8150715,false,YtjtQ1pfe
Warden Drake,8965500,false,kesV9YuK589
Iggie Dubose,8384484,false,DqqLMGti
Hedvige Milne,4833576,false,jx8z0YwEJWKv
Salvatore McPaike,7092715,true,t7cJJRIHAX3R
Dallas Phipps,2930165,false,Iq3z7C2Nsh
Camila Pizzie,6055990,true,xhgkLYzG
Carlina Hadleigh,3245503,false,3zcFxXkVXB
Leeland Enrrico,9615814,false,r4NiMo
Ben Pedrielli,9811957,true,w28S1Fl5m
Orel Gavaghan,7845286,true,sOCPDp1
Pamella Dennison,9382265,true,rd9w6A
Alphonse Catenot,7472251,true,ZFkIOedny
Gill Maccaig,9606859,false,Jb8FI3J
Lynea Sackler,3288647,true,ZNaGl0ljwB
Yasmeen Snalom,2790135,false,UMqSkE
Pacorro Ashplant,5915594,false,stgrSxfJZ
Larine Keveren,5379941,true,jHsmw8CQOU4
Johnnie Gorgen,8993175,false,KxQgQDP
Eldin Fairall,2866231,false,Si2Ph0Vi
Chariot Marlen,9086460,false,Z1keajsBE
Ira Matyja,9377996,true,xmsHEsyRq7
Flynn Rogger,6813907,false,6ndpkc1hZa
Buddy Norcop,6099649,true,62NT7xDu
Coletta Armor,2581018,false,WpMeV2v6vI
Stephani Lademann,2567118,false,icaXrR
Row Elcock,1939188,false,iJAG2vp
Sherlock Dorian,6329259,false,O6wvquGp
Hadria MacGorrie,8946714,false,8v1ME3vb2nP
Debbi Penk,5098529,true,8ggVnn2
Edwina Petyt,1954686,false,FKFKTJu2M
Nettie Ghiotto,5017351,true,BomMAo7Tn
Frankie Foggo,2953639,false,RIAARgs
Marleen Selwood,9550728,false,oT9vwjM2O
Brandyn Sturman,3024383,true,cLbarAeVc
Bennie Gable,5766816,true,FVQbCo2gr
Melony Totton,2022335,false,vApI0TC
Wain Esposi,9151093,true,X56UmAAJL
Garrott Binstead,6197227,true,hebln7G
Brandon Gwatkins,8547550,true,e0Cif8
Tarrance Mumberson,4343396,false,McGrZT0
Marthena Shirlaw,6923778,false,Dva125s6Cv
Curt Carmo,2886797,false,Rwy07V0s
Freeland Verchambre,4698054,true,DPpzuJYQpnvz
Caye Martynka,5250968,true,YgELt74
Domenico Stonhewer,7828525,true,K1iME8QtpvXu
Teodoro Josefovic,4408909,true,kLef651
Cosme Drance,9351214,false,dITY8vn
Vlad Mollene,2497083,false,68zzplrsv
Eadie Styan,7103655,true,PfDsmlyGjL
Addi Leitch,6696478,true,aIzr1u
Leann Topes,2614290,true,Nr7KK0t0
Currey Hymor,2641008,true,FIkzrzKFLNt5
Emmanuel Allewell,2049768,true,ydGh0HpxEs
Saudra Vyvyan,2128048,false,G04jscAM7
Carmine Musprat,2911165,false,7TeWM815gEY
Ross Beadles,4856500,false,SIWLvCZ
Gaby Courtin,7339213,false,o12gD3cUNTo
Bartram Farguhar,2836402,false,IHm51P
Marnie Dufaur,8403815,true,XVNb73
Terry Wix,8085147,true,LQYDB5HIF
Ronni Brody,8959228,false,3QA6wlRmEM
Phaedra Mabbott,6824628,true,WwcW9ms
Angie Sempill,3950769,false,GqgG47M
Bonnibelle Denkel,3108985,false,hM8UDMz
Samantha Foxhall,9900502,true,HEnVVGjrC
Ciel Brandenberg,5468628,false,MHDYPQ5S3
Jasmin Mayall,7442078,false,MhvYqRMHI
Benni Cowope,4953134,true,U088EQO8e3
Dwain Emlin,5436252,false,Lrj6AVAH1Xxp
Dedra Whittek,5640181,true,xFyYy3vMPloZ
Nickolaus Breit,5328342,true,iwcJMov8c
Willard Levings,2253927,false,ivWHpx8GUQ
Alain Durward,6158086,true,f9iSV11A
Martynne Errichiello,3672174,true,vyP3Z9Ph4CG
Tessie Walisiak,3655452,true,PxjeuY
Celle Crissil,3924232,false,itifgV4o49uP
Hewett Leare,7743901,false,CKd1DA
Selinda Skeen,3076926,false,5rzht2m1O5e
Alvin Mannakee,3301750,false,io4tAN7
Nannette Darkin,5626662,true,e7sMZ0
Anett Hayer,8105614,false,mUcAhDkpSXT
Baillie MacKettrick,2471714,false,68BXqLV
Lissi Geekie,3764476,false,WOTIc0
Kamillah Sinncock,8069428,true,v450iFB
Gordie Wythe,6687303,true,nhJVrtw2L49
Candis Mawson,4926615,true,iD8muO
Milt Linton,2022224,false,2ErNUlh
Bess Bellenie,4628007,true,9ZQFEu59sop
Dru Bartrap,3359525,false,taNY6fkc
Dunn Jollie,8222406,false,wDoYwTvAD
Tessi Delue,8003621,true,NW9Hru
Bridie Briand,2081549,true,gcHh5iUU
Josselyn Ottiwill,5669983,false,mmJAwGS2X
Clio Hodcroft,2195536,false,ZSLkta7
Rosco Carnson,5464853,false,VmIz189DIUv
Giraldo Banasiak,7462150,true,GRax0yyQJows
Iona Risen,9812692,false,78n9qaCGwe8
Gualterio Harriskine,7516857,true,VO9kH13voE1
Antonina Hovey,7727026,false,vc94BdZloG
Jeana Georgius,7699897,true,HysWa5rKCGe
Fiona Grossman,7073180,true,uAuxH2JQxxT
Judi Gemeau,5750140,false,GFd58z
Alaster Troni,7169457,false,pAyb0z
Kingston Tasseler,5807307,false,pR5ljJ7vf66
Elwyn Grimolbie,2256145,true,cLdbwZawJe
Dori Swett,2837733,false,0RC2whR
Rasia Purkis,2216202,false,ug46rm93
Doralyn Arndtsen,8019563,false,pDpIUdCZ03g
Hansiain Totaro,2710858,false,15n7zxfR
Maurise Goodbarne,6758140,false,EJxjVw1f
Sherri Byrcher,3807449,false,8ryWMZ
Sybilla Lowen,6100410,true,PhO22f1
Elston Kilshaw,6398662,true,jg5uZ4X3
Wandie Richarz,2195166,false,ozukCWck8CUi
Karna Matthis,7574004,true,SvhPRr
Bentlee Ficken,2277653,true,d5S4DFN8pZmw
Kimmie Blanque,8945498,false,HfldID1W
Arleen Cutmore,5595269,false,Y0TRm9EB
Edwina Budnk,5764157,true,e1AL20Nf
Caye Doby,2875871,true,fz8Gd6p9
Debbi Lazare,8104517,true,WxgtwRK67v
Carlotta Armour,9299611,true,mmNyNOoqxt
Vincents Petican,8226334,true,RGYf10DwD
Abeu Elcoat,9746917,false,KR9qV1JWP
Kearney Warricker,5374878,true,zTc0JkAASwEz
Rustin Garz,8464214,false,z93zkKpHV
Jerrilyn Malzard,5129453,true,AsE6auAJXXN5
Derward Sobey,5005524,false,7pNCe7GYK
Gaven Straughan,6349814,true,WoL6Sd7
Ammamaria Plumbley,6992836,true,EVV7NwN
Enrichetta Godlee,4353945,true,sasktiqc
Lurette Menel,8230472,true,Fvw43G4
Quintilla Hensmans,4781898,true,5VJGUoM
Nathalie Kezourec,3144075,false,3Ev86fPyIo
Doralynne Claige,8017308,false,ghilPvTi
Gabbie Crehan,7010906,true,4qqkiT2zY
Amil Patry,2882007,true,NZOKki6
Bertina Weatherup,4528448,true,vXoO5ZzoYsoP
Che Pentelo,7901009,false,zBj0UI7udFf
Pammy Burstowe,8714668,true,g7MQxpSFQPP
Angeli Buttrum,7522087,true,irqO1iC2Y0p
Lorant Sondon,5486813,false,mn4MC4nSi
Mallory Earpe,3826909,true,DLlWSflXnUB
Hamnet Sleigh,2848545,true,pbGaYhVka6
Dian Bidwell,7701058,false,I1OGUxX
Mike MacRory,7402573,true,1adM1p
Peyton Amey,9050200,false,C9RVYlgcpc
Chadwick Cardoe,2133340,false,rk22Cc
Donny Quinell,2784405,false,pC1xXSW4oODE
Benedick Mackleden,2513021,true,SFWAwlG7XOdt
Adelice Farlowe,5467029,true,90ClGU
Werner Peerless,3345331,true,6JeHw2Y
Phillida Pickton,7554123,false,uMjffvcuh5
Zerk Maleney,4255748,false,LV8FAx0
Dorthy Carlo,5061932,true,YITlMtBI
Olvan Colleran,6226370,true,7LV6klEA
Albrecht Lampett,6131169,true,Zc5WrLnD
Gloriana Blowick,6470833,false,SEU6Et3QwG
Rachel Alesin,2146496,false,JLkqsuV
Godart Ianizzi,5999059,true,n3mymb1QI
Allard Shevelin,8722405,false,OMI6I5s
Cornie Saer,4461920,false,P3vHiBI8P
Avram Twentyman,8749814,true,L60Frt0AFS
Lanna Bottrill,6750585,false,91NuIuGVz2b
Wynn Theze,5609951,true,gtwktJl
Sharon Rubinek,4773236,false,EB1GY3jeCKei
Danya Yggo,2423562,false,34CDY7s
Micah Eckersall,9734702,false,fqNNAn
Sandye Comini,7706740,false,vhwpimBpX5zt
Rutger Chestnut,3165949,false,ZG5fiaZ
Cristy Rudiger,7599356,false,I1QogF0yL
Yelena Beevers,5865968,true,baRD93KnD
Eba Deacon,3256620,true,7YTOqdxV
Peg Manford,6117781,false,h3AUWOYed
Pace Ferreira,6399010,true,MTsTcZ0
Bartel Crickett,8198558,true,mXjb3w
Porter Davidovits,9134484,true,fZclbh31zttR
Abigael Richen,6607865,true,q2kuYo
Lilli Drewe,4515154,true,1ydVPmIrdl
Claudian Szepe,6075634,true,nseJNLh6Z
Milissent Bloomfield,6699815,true,5KP6qC
Baryram Scrancher,1939801,true,S0xBlPdDu
Rosana Gaylor,8174649,false,E0WreGzs
Jacinta Turbat,6260761,true,MkrS7f7G5Om
Sofia Demangel,5680931,false,0gVdvlM9wmmX
Giulio Brundall,5334082,false,5m3uvt
Joey Solleme,7100100,false,V8f5eDj2DaAX
Gavan Endean,4463164,true,y74VlSNwl
Jaclin Doring,7358340,true,oOmbpzG1S
Ivonne Train,9862128,false,GOyZL6hxYW
Antons Halliday,3584699,false,I8zFNO
Filberto Hand,4424880,false,WdwZSQ
Germain Stannislawski,5394359,false,MaACvFqQ
Matteo Mallam,5673200,false,VSJDLOnqkS
Connie Golda,7982524,false,nXjguw
Orly Backshaw,9488995,false,vWOP1ukxhL
Marcie Lowensohn,9043233,false,0L9bVhr4Y
Modesta Murison,2196335,false,JlgE0ND
Gillian Sharvell,2344157,true,TcGz33Wtb
Ada Vanyakin,8534352,false,6xP17Oe
Karlens Toolin,4829363,false,z0BFeMP
Easter Wellbank,9711997,false,nNibMih
Sheppard Jandourek,5770287,false,lRRwjZ
Tamar Vasentsov,8037242,true,mhV8b6Un
Patsy Branford,5603983,false,Ovm6SjQF
Juan Hofton,8566638,true,gqABnMi1
Derk Darthe,8322830,false,ALazLo2M
Ronna Ferdinand,7503836,false,XwRssEYYE0
Morganne Cicculi,2206164,true,sNIaDd
Tiler Bohling,4178147,false,oGcCbfXO
Uriel Oswick,5543290,false,0x6vDi9
Salim Barnhart,2255527,true,yQIhgQ
Giralda Hellmer,2873465,true,wCKsOv
Robin Hansberry,8841709,true,SM9mKD0MEY3t
Westley Rubinov,8771526,true,l6WcfdEh
Louise Haukey,3302023,false,PnopAnziP
Simonette Culshaw,7675629,false,vgyaHdWZlGP6
Joana Blakebrough,9121770,false,MwKzO96A
Guss Yesinov,2584759,false,LJQdZGl
Violet Berriball,5778852,false,6ZWy56sGlj
Eugenia Dorling,3703175,false,ZwO4a2QE
Eli Allenson,4631228,true,4bSRGRzI
Xenia Backson,4495408,true,6DxatOyYzzV
Paolina Puzey,3822567,false,61c89dKGcf
Kurtis Vautier,5349932,false,jZ8URp
Darnell Daville,1972205,true,L3jNUskwv1WY
Reidar Gallant,7017339,false,cIuLBdG
Haleigh Martynikhin,3514563,true,P1Mibw5TneK
Demetre Davidman,9512304,true,221kM8ceaTB
Noell Alabastar,6976434,false,cYQBm1Iv
Josey Woolfitt,9408251,true,cHVGgh5
Yancey Kochs,5425743,false,jOIGJAO9L
Sandor Knapman,9250422,false,aCtPRCXsfvAQ
Mitchael Pactat,7346480,false,53zcCU6us
Ezra Godney,3268100,false,64rNHklcxF
Talya Harmstone,9030453,false,Pt63LeUcaI
Rachael Wilks,3491372,true,uEmeMb9
Sophronia Lydiatt,4951593,false,R4SDRQ17w
Phyllida MacRitchie,5037663,true,R737Uo
Bethina Paxeford,3211007,true,PSgq4DRteXO
Dix Dawbury,6567923,true,stWmMkLWMTXz
Aurel Suermeier,2404811,true,0c7w7sYF
Rianon Feirn,3506909,false,ToTRhdeFVBrH
Joy Quarry,3133685,false,8s1yoEi44zcB
Tomas Selburn,5867795,false,CRkydEo7T
Kally Crockett,8781092,true,OclOr2
Theo Melendez,5694306,false,D1cor86nDo
Orren Gluyas,6253645,false,zw0eSjEj
Rufus Ballendine,4869265,false,ioHcT4pj9B2
Robenia Angove,9040232,true,zH8tM1z
Xylina Viollet,7087194,true,k0p9SKAYi0S
Bartholomeo Rudyard,5779832,true,BGQBfIi
Lincoln Hartright,7813431,true,hoPPuu7
Theodosia Liggons,2736648,true,TFBTdpuTC
Ian Handrik,4359649,true,rmd1Smo8iUg8
Donalt Aldred,4626114,false,7GtH2YrPISPJ
Ulrich Andino,2030567,true,SjvwMndZG5
Town Robjents,8920400,true,Dfh0Jhz0vm
Leonid Golagley,6291142,false,IJYMG4HH
Dani Lumsdale,9850673,true,Jno8HkXzEt
Augustine Otter,7859376,true,BPyvQo7XG9Xg
Galvan Pettyfer,7756520,true,aPymjWA
Margit Antonsson,9186780,false,UfupvER1nO
Garth Ricardo,5949954,false,BlkBySGVpQLx
Tynan Crocombe,5497104,true,5m5fP7oe
Lenora Gearty,5673161,false,cC4dkQus
Rand Smallpeice,3589574,false,7u8Et4FvTf4
Bartlet Dwire,8624397,true,Bn3t4kaka
Zahara MacCaughen,7775358,true,MuxQoJ1mAi1
Addy Sanderson,3255826,false,6YQP1R6bBZ
Emmott Curreen,6240350,true,ArCGHaKaWtcx
Izaak MacParland,9593024,false,u9r99U8K
Rolando Benadette,5208325,false,F9lSjcuF
Farlay Brokenshaw,3336845,true,KVuhPOVZYbZ
Eryn Bridgen,7072014,true,b6RNQUDk6
Gianni Mathivet,8939642,true,KtjBdOCWhAC
Ferd Kirkwood,8986621,false,8f0DPElhzmWb
Austine Greenstock,4160366,false,lIcUTGh
Norbie Synan,4365877,false,7oOVTW
Eartha Leblanc,3325657,true,SwgYgfloTMa
Ethelin Tyce,7756081,false,Ix9Lo4ijTm
Jessee Shorland,7929581,false,mg4ffK9rt
Elle Springell,6800253,true,HB1rVlytA8Wf
Gwyneth Goodsir,9554438,true,qKGrbV3gf
Tiffie Drewett,8790179,true,tfYsJVo7B2
Kamila Ramsden,9281825,false,ULqxGS3ia6Vx
Padraic Jaimez,2904306,false,ScV0TBJ31
Jaclin Hanbridge,9128518,true,tlje2ASs0W
Roddy Higgonet,5265910,true,8B8qFYSKP
Addi Zamboniari,6847034,true,0MiWoQ0RxMi
Alleyn McKnish,9514846,true,1bhvTDD
Estel Royse,7955374,false,WIIEfN4GBc
Padriac Monsey,4641294,true,CyD2Splk7eH
Marena Bellini,8979487,false,DdXBN1fw6Y
Violette Duffill,8977542,false,A6bJyUx3
Eimile Aubrey,7945840,false,sjSJCR7q6I
Babbie Wewell,3100330,false,kEPSkkh3
Kermit Berntssen,7370732,true,p34rzAKBSpZi
Jason Skeete,1982794,true,f5YQGIGwWc
Gilberte Honatsch,4760307,true,TBGmGmZy
Carmencita Able,8807630,true,vy3guq
Rubie Wisdom,3456028,false,Xsx8djef
Jilli Leaman,8307516,false,qkJTwuJ
Fonzie Selwood,2615660,false,OJTMw1YDR
Tarra Stable,7698422,false,F8A2J2XKl9r
Farley Steger,5890685,true,QXncuH9UYr
Estell MacLoughlin,4199402,true,7vLStQ
Llywellyn Dmtrovic,4360955,true,6Jdl6cU
Earle Manley,7149401,false,5sZkth
Oran Haythorn,7065853,true,rc7gO67
Fiorenze Winnister,8521696,false,2MPRZDU
Weber Tuff,2508822,true,Go861b9GcR
Ahmad McGilroy,8790579,false,oUFQi0i66Ra
Lyell Manicomb,6979304,true,x961E4Ym0
Clea Darbyshire,9886857,true,QfZigE0
Gonzalo Marshall,8155679,false,PiFOGT4v
Kiri Tincey,8047136,true,kXNszL1EBUX7
Fielding Saynor,6717366,true,aVKRQjn
Ellyn Bott,2101379,false,HPVEAHiUFMt
Gifford Partrick,6457410,true,jmToXeKSK
Lavena Beckham,9659389,false,al2mPud4
Honor Daly,3447503,false,zKeCMrnTIkdz
Whitby Saphir,4686893,true,VBU8OJEIr
Elladine Cyples,5422877,false,KbugpALRF
Nichols Giacomucci,2189253,false,QCFfiT
Roselia Lockery,7666075,true,Hb14P0Mv9c4O
Sela Greenhalf,8292903,false,emVjBJb
Christen Blunkett,6757833,true,DEXr3Yz3
Valenka Kenneford,3558189,true,NHiiXKv
Annora Pedron,8928607,false,suLIoA
Asa Leed,6014090,false,VYZ3uhwKSe
Gabey Zettoi,7008741,false,meDCwdVxJvmk
Shelden Shirtliff,2622483,false,f9ZInHjwNng
Belinda Wilderspoon,4086195,false,2fQaAC
Leigh Ballham,7692200,false,uJTL1q
Julina Emmer,3797476,true,UObTChsDZ0v
Imogene Godehard.sf,7804458,true,uLsLayzuthv8
Tani Arkle,7227593,true,HWQgKb
Jacenta Solon,7556211,true,XMosigcRKlt
Benyamin Hultberg,2288599,false,npnPe6qSM
Sabra Stadden,6387823,true,HfJ1Voj
Nance Pendle,8948856,true,3ebESJTwqws
Leesa Clutterham,8540981,true,zIWPTGeVDB
Ramsey Devonald,9611250,true,6KBqzI4orSRH
Carlin Sargood,6394323,false,Ov1kKuwy6
Annelise Munnis,2241515,true,pjgItbRMW09
Moira Hackin,2639839,false,yfIoEO
Salomo McCoy,6352152,true,4cX3WPV
Ruthann Clews,4345696,true,EDMqybjCJ
Ambrosius Boyse,6940688,true,kDlvAUQ
Lamont Murch,4384800,false,AMcsLXL4
Boone Peckham,2581103,true,cTb07httdpE
Ives Winkle,7793975,false,eNx762
Jackie Standingford,2759651,false,JQonind
Rahal Shufflebotham,3320015,false,EKfv2Pw
Sula Cockarill,2955483,false,dN42ZgnSAxv
Marmaduke MacNelly,5974141,false,041MHle9tDjW
Elsy Challenor,7186295,true,O0Cyya4E8h
Sigismundo Turbitt,2547509,true,Eu8exH
Anjanette Stanlack,2219802,false,4G8yh4vj1
Dyan Gull,3381540,false,TfcWx8Iuf
Culver De Bruijn,8542766,false,iXKj7va7351
Raoul Niese,6609498,true,5JSp53g
Gwyneth Dongate,7992675,true,V70H0aDp
Mia Wasmer,9408836,false,Ecv7Koh
Juliette Rodie,6754984,false,TurREEKNFSw
Nicko Bownass,8844362,true,8GzlO0
Malynda Rulten,4363948,true,DECmAq3usHG
Ives Lownsbrough,7615674,true,8XGXWmx
Ulrika Grimsell,6519500,false,Y80XDrYUrOgG
Thomasin Copin,8498189,false,iufCCjJpFkbs
Tonya Toy,8175656,false,disBh9a
Rhianna Swindlehurst,2897387,false,DNtNJF
Fayina Verni,5242144,false,2i5UILfjdfb
Sosanna Kiefer,9481579,true,mLRYhvma
Michail Meake,8485811,false,oTaGoBxu
Carlyn Willishire,8507227,false,ZqhSrcegEJ
Kimbell Davydkov,2923561,false,mCdnZCl4fX
Terese Egleton,3689220,true,6Mz7Hx
Sim Hewlings,2092955,false,9fLXaN2mpA
Leanora Draayer,7314526,true,7kQMqFU8q
Torr Softley,6367974,true,SlIKfZl
Marshal Bilam,2580418,true,TgyE9wKuoB
Corabelle Dainton,9079700,false,LMKMIFwB9sN
Ferne Candelin,6798184,true,Tq4pp3OuAb
Justus Tutin,8149640,false,uddJKtA7
Tallie Everett,7331390,false,eTLEdHTQ
Mavis Meddows,2929761,false,1MFalFr2c
Antoine Truwert,4298000,true,9wvgA2PWl32
Dierdre Brevetor,6837664,true,MKfhHpF
Chelsie Aleso,8727806,true,oYHQbSj
Bernardo Swateridge,9640228,true,3stkAyCBj
Sully Oleszkiewicz,2956627,true,RwnKREx2159
Sanson Duffett,6923225,false,TXYDZNFOFgl
Duncan Guerriero,4718020,false,MgnuPvE
Roderic Janzen,3501041,false,pdmEj0hn
Melamie Fantini,3463001,true,nTgXe3aep1LD
Laney Tyrer,6248020,false,aVRkgi5dBi
Anthe Standall,9509161,false,Cyxfybeaq
Thatcher Sydenham,4618655,false,4rNvRDeE
Josh Jumont,2716611,false,NrTCAEROedMD
Bernelle Longina,2103337,true,ZJIESO8
Horatia Pietrzyk,4962996,true,Q0LmCAM0nJdt
Alana Pinnijar,4161945,true,vRC1geP1cMu0
Traci Frango,3751565,false,QUySPO
Marybeth Borrows,4040415,false,YzrmhkvTPtVS
Dinny Beidebeke,2572951,false,NStDTje
Rutger Fannin,6042240,false,dMOZ0TjjzI
Reilly Raffeorty,9679674,false,ekC5tV
Marla Hedylstone,6499585,true,bWegtVLDGzE
Rhona Collimore,8347161,false,It8Kq1n
Dominica Corrington,5641068,true,Oo3D2QI8C
Basile Drayson,3035950,true,Pa7LtwE
Shawna Fullegar,5276397,false,5xaBcbdEs
Stacy Jizhaki,2676017,true,bEikPm
Iolande Fraschetti,5918261,false,0YmqGqGm
Karlotta Von Helmholtz,8422714,false,D1kLb6a
Mavra Flacknoe,8050215,false,YQpI00wigGa
Stormy Cordova,9386226,true,wlUrZf
Caryl Kuscha,4648369,false,cZoW4L
Wilton Cristol,7304268,false,ivLVIDqAd
Car Ledstone,7379853,false,lAAFkacEG
Albertine Dourin,8705773,true,eD3povyi
Imogene Fusco,7816632,true,BtE7w1
Ali Alonso,9416921,true,4MK6Y10pvl
Urbanus Eeles,9640500,false,IJv0y8CFaf6f
Livvy Albiston,1985612,true,QULC9V4shL
Andonis Pattie,6959602,false,MvpKYEPyd5
Faythe Greenstock,9122242,false,lGwowoZ
Eveline MacCahey,6499555,true,rBCivqbbR
Avivah Tuson,6104833,true,sUx2cc
Wilt Chessil,7934805,false,trg3tKrms
Duffy Dunsleve,4536970,false,YSQxYno
Cole Heak,7382917,false,P0CPAcP
Donnie Parsand,6751243,true,V1HduWjldTbx
Dalenna Blankenship,9149431,false,I0m9BV5oNQ
Naomi Skerman,8283966,false,0UuBwC
Eliot Brosenius,2292468,true,Bft27P5R3U
Algernon McGaffey,5591819,false,ggtkoKU
Yoshi Beeck,7387148,false,IGwUch
Tansy Lamperti,6378056,false,d4qsGVTQaifa
Bax Gowland,8473746,false,5yS8mt
Susanna Camell,7366393,false,BbsyfkOB
Chlo Wringe,6889289,false,ZqkArGeUpfb
Kira Laviste,5414176,false,HBZG8h
Griz Aspray,5107399,false,qiOV2GAnC
Othelia Yole,6526670,true,3ejxi4vW5K
Anitra Willicott,6411563,true,osIIr4P
Dolley Tester,9645429,true,9tCNVOMA3
Sherry Blazejewski,6301694,true,USWjwP9f
Merell Mac Giany,9448181,true,w80WpAwNuga
Felecia Winslett,2394296,false,ik1B6pE
Yorgos Allicock,9820962,true,JM88oHGyPijz
Betsey Godin,9665671,true,KN1OAWDg6F
Bradan Steade,3741892,true,tK3x7fX
Greggory Plowes,4678595,false,0FQ15JQmw8
Lily Chidlow,7693683,false,lprtEl61w
Abie Pennini,5743051,true,OBAMlTw
Madalena Ruger,9364928,false,WVaM0MofRdBE
Bobina Lukock,6539949,true,jEIQyRxzDD
Konrad Shelp,2251073,false,cfdZmY
Britney Roels,5696355,true,h6DK2S9E2
Dwight Dight,6523465,false,MgBURWEotfn
Symon Samsworth,3320372,true,4sMJCc
Pippo Adshede,9650462,true,MxMfCDpJRbd
Gallagher Reaveley,7578053,false,vTdhoQEv1L
Leicester Cruz,2648591,false,igDd7tZo2GJ
Michail Stivers,5311510,true,p2M8Kj8
Taylor Kitching,7906909,false,RY5zwLC7z
Hew Dawkes,2370420,false,ZqU3S2pPV3
Etty McRory,3763679,true,Ay95gIxG87e
Ethelind Whitmell,3579282,true,IY7RSoolFUf
Brigitte Flintoft,2255202,false,kT8krUD
Lucia Heindrick,4469880,false,ThdcDD
Saudra Synke,8476435,false,ibeip0Gs5
Sammy Lembcke,5908573,true,JR3zvG
Hoyt MacGowan,7957338,false,NZHcHts
Dinah Jennaway,2855067,false,rUfipsvVd
Otha Easum,3571404,true,NtQLt2mqsQb
Bradley Mackley,9714063,false,WeVoIk3Huao
Jenine Calterone,3863033,true,51SEahIb5YnO
Halli McFayden,2630177,true,3FsJQeqC
Brit Anersen,6907493,true,aqpTwIJyDtf
Myrtice Wilkerson,6438974,true,bJwIHe
Antonia Cooke,4854219,false,iQnqwyBfN
Maddie Tesh,4121208,true,oefPFl
Konstantine Hallibone,9860197,true,GIHYaz
Tiertza Skayman,6706856,true,FTO1PMezxU3
Rennie Bassindale,9255794,false,BFab1gnaaKxj
Zabrina Reymers,3814528,false,QeucpYBR
Keefer Hansell,4013633,true,s6FYkI
Winny Doswell,6185314,true,YE4SfsMZ8
Abbie Stearley,8559112,false,1lPMhIcmgUt
Ransom Arnholtz,8317378,false,JinNgiyJN
Hoyt Skocroft,4513869,false,TC7bQ5pd5yWg
Jermaine Norton,8724373,true,J5F9ocBcG
Madelena O' Dooley,2431645,false,GZ0xpf
Bernardine Tilson,5915842,false,nCAdt1hJXDE
Klarika McKeeman,9789124,false,V2SqOGEy
Aylmer Bosche,6301355,false,VTnYE98
Gavra Blackden,6249279,true,2xqyOv1ixXXA
Victor Tewkesbury.,7591843,true,PDEXlNk7
Olin Alexis,3286185,false,s7nbGY3k7
Roberta Bushel,8648812,false,S1DchSdLo
Mil Bolduc,9539295,false,wW0jGpg
Sileas Enden,9077537,true,gHn320kkh
Cross Arnefield,5997236,false,WFhulhRA
Orion Rosenblatt,9211945,false,cuvDuPn
Myranda Garvill,8531165,true,Gs5EfJAU5i
Darrelle Braunton,2044479,true,5CfEZ2EhKU
Coraline Enochsson,4709485,false,QOI6UhEmLj
Durant Washbrook,4530212,false,KBrM0eJTN
Leonore Weldrake,8654798,true,IvekBBYTVQT
Krisha Merkle,6012390,true,aDDosGM8It
Fidole Witson,3420998,false,z63XMu
Della Longhorne,6060094,false,SGw8HMbVt
Rachael Kitchingman,5377389,false,Znel3GgoH4eC
Nelle Gingedale,2416327,true,FZouCZZ
Caralie Abells,2570755,true,vk0qT2CIA
Samantha Gillanders,3111681,false,jp8JysVUY
Abbye Tresvina,4122607,false,3V2fXF7T92p
Matelda Hancill,8562141,false,Ylxxy9blk
Ulysses Dyte,8920461,false,lQazzvc
Bonny Doogan,7375198,false,r2ShKg
Adrianna McVeigh,9747740,true,iUbjTqNrZw
Raviv Liveing,9767664,false,h94Ku1JQUA
Nola Skokoe,5401480,false,7XLrj70r
Gabriellia Churching,3412217,false,ECwtfNP56w
Rubetta Tasseler,7101636,true,MOZ25ehwdNs
Cordell Heinrici,3571744,true,lDOfYkUCAk
Cathryn Windmill,2031480,false,Rt4q6O
Sharlene Reynard,3775736,false,oUAJyh
Nicko Coniff,2011353,true,GHgVeq202
Murdock Dutchburn,8091622,false,AsEt5UoiZD
Amaleta Peddowe,2526218,false,jBZQDIAljX
Myles Fawley,4066236,false,ac4IpFu
Elia Brockherst,6786784,true,udqAErsXgfOa
Benji Santi,5823762,true,erqS0OtdqB
Caddric Oxenford,7304911,true,BFbTQx1iKm
Barbabra Blei,7830020,false,cid0zKO
Gwen Mackison,8547690,true,QlUT7zx3
Elsinore Rogerson,2417873,true,cR1SpJXBROg
Gerri Kalinowsky,7885345,true,ZzKwGQILWW2
Banky Risbridger,5829578,true,l3GbG9bB0M2X
Godart Zapater,3212890,true,wKGPnE
Brittne Streather,5477080,true,yVxnoTUwZ7
Juliane Oswald,9297169,true,PswyklUd
Lurleen Asser,6330846,false,4Ww6aSYJsA
David Dudman,8337024,true,WwkI67X2y
Keven Mifflin,2255164,false,uDUMfOF
Ossie Towndrow,5363255,false,5C9LPrRHsMvY
Gwynne Winscomb,2321988,true,CTgQiA
Pietrek Bembridge,6106480,true,Npq80xUL
Heddie Zeplin,4497591,true,nadi2QJx7T4n
Arda Sedgwick,3850196,true,2SCkZy8Xxo8
Kennett Antoszewski,3823407,false,xv5sNgVlMGG
Samuel Mecozzi,8313793,false,wzWFieymja4
Pieter Pell,5985684,false,wuiJcGQezq
Salli Toffoletto,2525399,false,oPGUoBBYfts7
Kaylil Glennard,4052024,false,8SIJz38dj4xC
Urban McDowell,2904333,false,hSNtxzQiK0P
Mireille Matveiko,3490145,false,Zr3qjhWICyR
Burty Petrolli,2532339,true,ERLudmM1
Hattie Platt,5246569,false,VfqHmgq
Reggie Bourthouloume,6722118,false,wsvrKQbrF
Noby Budgey,6094493,true,o5JzqMIS
Warner Titchener,8137099,true,KDz2uK
Hamish Shakeshaft,8167504,true,MqGM6Gr7Rx
Adrian Karp,5418005,true,xow9h7HwQ2wZ
Lauryn Bellocht,2312199,false,oJkIuk8
Hinze Hauger,7154882,true,hoPai6X
Jewelle Borthe,6898846,false,GgLcp9x2g
Mitchel Scotcher,4652033,true,OEbKzBBSTgYV
Jephthah Cosbey,7654401,false,IDLVEr2B
Staffard Ironside,7734399,true,S1DXZlvWCo
Georgena Gorse,9684464,true,3oUsYuh2
Mathe Clinnick,8100288,false,0xWDWyKVs
Daphene Ploughwright,6502000,true,CDQ7U8g3
Hi Augustin,2292643,false,iWe3p7
Devy Beaument,5839712,true,Lcx0mGd9
Hadria Rawcliff,7263918,false,zxT7SlJ
Eugenio Blizard,5190450,false,OD8yrloP
Frank Antonacci,6282330,true,V5Uy2f4
Cacilie Fright,7541071,false,OYAn5osCKx
Kerrill Petrovsky,7860030,true,QSi5CyDwpb
Blanch Kloss,9219787,false,s1nRGl0
Rhodia Gullefant,4070748,false,SaODN0SyUc
Courtnay Rhodes,2242664,false,HulbG1
Duky Creeghan,8586994,false,TVaJAjWTmkb
Megen Cappleman,7493133,false,3Bh6Dm
Gordan Blois,9143795,true,y4wX3y
Rutledge Frisch,8147059,true,kImhtrX3B
Wilie Kielt,7802585,true,7m1lQN
Padriac Ritzman,5616628,false,AaLUHpTlkxo
Edgar Hynard,4400854,true,lgYP3p
Clemens Humbert,2727061,false,gcClsi
Jacquenetta Ambrozewicz,2428216,false,csQqP6m
Gloria Colclough,8053395,false,SHnumXSSxapg
Melisse Mackley,4882329,true,r1oOhde
Parry Trevenu,4466808,true,fbtSDYJ9
Sarina Absolon,9610639,false,rym3aS
Aloin Anwell,1959543,true,TTLrjA
Perice Vickery,2717969,false,MhrGhOexIvCA
Nikki Busen,6285025,true,sOmgUc
Geno Sarch,8216899,true,F1d6uRb3CA
Brande Saint,2831241,false,OgvVFVUs
Hy Tzarkov,8298827,true,dGU8pd
Bartholomeo Dinley,7175248,false,bT3dmIIwqx
Zsa zsa Stocks,3469323,false,VsHAN0f3T
Roderic Woodcroft,8550391,false,MR105q
Beverie Shearsby,8391439,true,MIjyXHdEranH
Bellina Tolcharde,2704129,true,b4oy0XGL7h
Dacie Longmead,2094373,false,f4EhJwV
Heda Eckh,5440144,true,5KwkZjSiy
Vally Cloney,7764909,false,VhU2Oh
Winny Clerc,4782176,false,jXz0br8eX
Peria Horsefield,7918619,true,ozJTzZeRa
Faustina Berlin,5936762,true,XBLeORDbGXqc
Montgomery Keattch,6448862,false,olEfog5StYAj
Araldo Biernacki,5301452,true,jd4sjy
Marcella Kellart,2299954,true,hqse4UM6OrjA
Patton Tolle,6238261,true,zbMP4rME
Shermie Berthomieu,6141962,true,MrusAuO4TV
Burty Kos,8153554,false,FP1d9fi
Kaleena Farryn,5099798,true,fF36Sbki3
Oswald MacBey,8095080,false,BxlPXJ24wU
Mahalia Ianizzi,5418178,false,envOANREXYQ
Cleo Woolliams,5737157,true,34Vu3Kx
Leanora Lowfill,3635223,false,KnRPii3L86Kf
Nilson Gouly,9567560,true,DF1KqK
Danette Dagon,8532088,false,8cOCZ7Fz
Saxe Wingeatt,3592480,true,1BNL46vs
Caria McCane,5360128,true,bYA38Aw
Dorette Wasmer,3107873,false,bQW38vJlrSP
Marmaduke Ofen,3786559,false,P56pkkb1c7GV
Jacobo Scarlett,3882189,true,qEM00qUckul
Monique Birchner,5544765,false,1walnb
Peter Noell,7706251,false,It2R8SLPgN
Sharlene Ormston,7151766,false,T7LxQbCvjQti
Ave Howatt,5405034,false,sqQi3UWqIM8
Farand Daleman,8364490,false,HraZHFl
Jon Wing,3993035,false,leexuL1
Berti Reaveley,2954485,true,Al8aMnnJcYr
Cherry Foulkes,4511732,false,h9bqk4Jg
Justinn Luscombe,9832160,false,L4RJgDGmulf
Monty Stow,2115929,true,GJlcbUd0sKZ
Ellyn Liggons,9487379,true,QHvPWa37AdZj
Darya Hinrichsen,9543905,false,lau1jOYD
Coralyn Kyston,9564720,true,tV8EJpV86U
Hugh Halvorsen,4404308,true,GSTvYtMSlvJh
Osmund Corsan,5586611,true,S3ypcQSVX
Rolfe Kunkler,9597392,false,PI5XpFx
Colleen Kitchenman,9394743,true,Ku2fmX
Fae Dauncey,4970846,true,taC04NLoqL
Nicholas Treffrey,5753371,false,HWddSTGzcw
Devin Gillman,4702543,true,ADxe3tQ47
Annabela Dymond,9429925,false,R9mJ5ZO
Erhart Maund,6919405,false,4nCAorS
Bonita McGillreich,8942119,true,aaQd03R9
Deonne Cossum,3615931,true,whbTdksh
Winonah Mawhinney,5436341,false,bVawX3Kcx0Oc
Matthias Doylend,8284242,false,ASZrKm4J7c
Archibald Girod,9696535,true,3VzLXL6U
Humfrid Faloon,7299008,true,389MxVfYe
